task_id,dataset,forecast_origin,seed,model_id,coverage,offdiag_edges,matrix_sha256
v1_0046_m5_20151207_tcn_business_s13,M5,2015-12-07,13,tcn_business,1.0,450,237ccec2fbbd6ea399af473deaf809ba587f8f64c46116df28ac8dfbf418f35e
v1_0047_m5_20151207_tcn_business_s29,M5,2015-12-07,29,tcn_business,1.0,450,237ccec2fbbd6ea399af473deaf809ba587f8f64c46116df28ac8dfbf418f35e
v1_0048_m5_20151207_tcn_business_s47,M5,2015-12-07,47,tcn_business,1.0,450,237ccec2fbbd6ea399af473deaf809ba587f8f64c46116df28ac8dfbf418f35e
v1_0049_m5_20160104_tcn_business_s13,M5,2016-01-04,13,tcn_business,1.0,450,27aa605ea25a8776e56b2844b3551bac99b86a54abe6176f1fdedc67bf1c8c9b
v1_0050_m5_20160104_tcn_business_s29,M5,2016-01-04,29,tcn_business,1.0,450,27aa605ea25a8776e56b2844b3551bac99b86a54abe6176f1fdedc67bf1c8c9b
v1_0051_m5_20160104_tcn_business_s47,M5,2016-01-04,47,tcn_business,1.0,450,27aa605ea25a8776e56b2844b3551bac99b86a54abe6176f1fdedc67bf1c8c9b
v1_0052_m5_20160201_tcn_business_s13,M5,2016-02-01,13,tcn_business,1.0,450,27aa605ea25a8776e56b2844b3551bac99b86a54abe6176f1fdedc67bf1c8c9b
v1_0053_m5_20160201_tcn_business_s29,M5,2016-02-01,29,tcn_business,1.0,450,27aa605ea25a8776e56b2844b3551bac99b86a54abe6176f1fdedc67bf1c8c9b
v1_0054_m5_20160201_tcn_business_s47,M5,2016-02-01,47,tcn_business,1.0,450,27aa605ea25a8776e56b2844b3551bac99b86a54abe6176f1fdedc67bf1c8c9b
v1_0055_favorita_20170301_tcn_business_s13,Favorita,2017-03-01,13,tcn_business,1.0,488,3d6565e1d734fd9a5dea56ad869d3e3a310159d5d83144a2c1c25169309e319b
v1_0056_favorita_20170301_tcn_business_s29,Favorita,2017-03-01,29,tcn_business,1.0,488,3d6565e1d734fd9a5dea56ad869d3e3a310159d5d83144a2c1c25169309e319b
v1_0057_favorita_20170301_tcn_business_s47,Favorita,2017-03-01,47,tcn_business,1.0,488,3d6565e1d734fd9a5dea56ad869d3e3a310159d5d83144a2c1c25169309e319b
v1_0058_favorita_20170329_tcn_business_s13,Favorita,2017-03-29,13,tcn_business,1.0,486,6c66febe6270f1101fe68312b95184d6558449773403aa425fde8ef2c0e3a38b
v1_0059_favorita_20170329_tcn_business_s29,Favorita,2017-03-29,29,tcn_business,1.0,486,6c66febe6270f1101fe68312b95184d6558449773403aa425fde8ef2c0e3a38b
v1_0060_favorita_20170329_tcn_business_s47,Favorita,2017-03-29,47,tcn_business,1.0,486,6c66febe6270f1101fe68312b95184d6558449773403aa425fde8ef2c0e3a38b
v1_0061_favorita_20170426_tcn_business_s13,Favorita,2017-04-26,13,tcn_business,1.0,490,8d179bcaeb255db7d4d7c9472d1f7cdce324ad76ac4352b1eba306b5736d0c78
v1_0062_favorita_20170426_tcn_business_s29,Favorita,2017-04-26,29,tcn_business,1.0,490,8d179bcaeb255db7d4d7c9472d1f7cdce324ad76ac4352b1eba306b5736d0c78
v1_0063_favorita_20170426_tcn_business_s47,Favorita,2017-04-26,47,tcn_business,1.0,490,8d179bcaeb255db7d4d7c9472d1f7cdce324ad76ac4352b1eba306b5736d0c78
v1_0064_store_item_20170522_tcn_business_s13,Store Item,2017-05-22,13,tcn_business,1.0,450,0a5ab21a602b06de0be39cef52dccbe0a48d4951f93651e45e6bb08934145eb2
v1_0065_store_item_20170522_tcn_business_s29,Store Item,2017-05-22,29,tcn_business,1.0,450,0a5ab21a602b06de0be39cef52dccbe0a48d4951f93651e45e6bb08934145eb2
v1_0066_store_item_20170522_tcn_business_s47,Store Item,2017-05-22,47,tcn_business,1.0,450,0a5ab21a602b06de0be39cef52dccbe0a48d4951f93651e45e6bb08934145eb2
v1_0067_store_item_20170619_tcn_business_s13,Store Item,2017-06-19,13,tcn_business,1.0,450,2f26f301d7053aa299ee7bbadbb6015686bbed92508faef7a1902ff449843876
v1_0068_store_item_20170619_tcn_business_s29,Store Item,2017-06-19,29,tcn_business,1.0,450,2f26f301d7053aa299ee7bbadbb6015686bbed92508faef7a1902ff449843876
v1_0069_store_item_20170619_tcn_business_s47,Store Item,2017-06-19,47,tcn_business,1.0,450,2f26f301d7053aa299ee7bbadbb6015686bbed92508faef7a1902ff449843876
v1_0070_store_item_20170717_tcn_business_s13,Store Item,2017-07-17,13,tcn_business,1.0,450,5a4efc13bb3da6f7184233b80110b671e7c1b3d87f805ce90ccf2e55dc02b128
v1_0071_store_item_20170717_tcn_business_s29,Store Item,2017-07-17,29,tcn_business,1.0,450,5a4efc13bb3da6f7184233b80110b671e7c1b3d87f805ce90ccf2e55dc02b128
v1_0072_store_item_20170717_tcn_business_s47,Store Item,2017-07-17,47,tcn_business,1.0,450,5a4efc13bb3da6f7184233b80110b671e7c1b3d87f805ce90ccf2e55dc02b128
v1_0100_m5_20151207_tcn_stat_confidence_s13,M5,2015-12-07,13,tcn_stat_confidence,1.0,450,237ccec2fbbd6ea399af473deaf809ba587f8f64c46116df28ac8dfbf418f35e
v1_0101_m5_20151207_tcn_stat_confidence_s29,M5,2015-12-07,29,tcn_stat_confidence,1.0,450,237ccec2fbbd6ea399af473deaf809ba587f8f64c46116df28ac8dfbf418f35e
v1_0102_m5_20151207_tcn_stat_confidence_s47,M5,2015-12-07,47,tcn_stat_confidence,1.0,450,237ccec2fbbd6ea399af473deaf809ba587f8f64c46116df28ac8dfbf418f35e
v1_0103_m5_20160104_tcn_stat_confidence_s13,M5,2016-01-04,13,tcn_stat_confidence,1.0,450,27aa605ea25a8776e56b2844b3551bac99b86a54abe6176f1fdedc67bf1c8c9b
v1_0104_m5_20160104_tcn_stat_confidence_s29,M5,2016-01-04,29,tcn_stat_confidence,1.0,450,27aa605ea25a8776e56b2844b3551bac99b86a54abe6176f1fdedc67bf1c8c9b
v1_0105_m5_20160104_tcn_stat_confidence_s47,M5,2016-01-04,47,tcn_stat_confidence,1.0,450,27aa605ea25a8776e56b2844b3551bac99b86a54abe6176f1fdedc67bf1c8c9b
v1_0106_m5_20160201_tcn_stat_confidence_s13,M5,2016-02-01,13,tcn_stat_confidence,1.0,450,27aa605ea25a8776e56b2844b3551bac99b86a54abe6176f1fdedc67bf1c8c9b
v1_0107_m5_20160201_tcn_stat_confidence_s29,M5,2016-02-01,29,tcn_stat_confidence,1.0,450,27aa605ea25a8776e56b2844b3551bac99b86a54abe6176f1fdedc67bf1c8c9b
v1_0108_m5_20160201_tcn_stat_confidence_s47,M5,2016-02-01,47,tcn_stat_confidence,1.0,450,27aa605ea25a8776e56b2844b3551bac99b86a54abe6176f1fdedc67bf1c8c9b
v1_0109_favorita_20170301_tcn_stat_confidence_s13,Favorita,2017-03-01,13,tcn_stat_confidence,1.0,488,3d6565e1d734fd9a5dea56ad869d3e3a310159d5d83144a2c1c25169309e319b
v1_0110_favorita_20170301_tcn_stat_confidence_s29,Favorita,2017-03-01,29,tcn_stat_confidence,1.0,488,3d6565e1d734fd9a5dea56ad869d3e3a310159d5d83144a2c1c25169309e319b
v1_0111_favorita_20170301_tcn_stat_confidence_s47,Favorita,2017-03-01,47,tcn_stat_confidence,1.0,488,3d6565e1d734fd9a5dea56ad869d3e3a310159d5d83144a2c1c25169309e319b
v1_0112_favorita_20170329_tcn_stat_confidence_s13,Favorita,2017-03-29,13,tcn_stat_confidence,1.0,486,6c66febe6270f1101fe68312b95184d6558449773403aa425fde8ef2c0e3a38b
v1_0113_favorita_20170329_tcn_stat_confidence_s29,Favorita,2017-03-29,29,tcn_stat_confidence,1.0,486,6c66febe6270f1101fe68312b95184d6558449773403aa425fde8ef2c0e3a38b
v1_0114_favorita_20170329_tcn_stat_confidence_s47,Favorita,2017-03-29,47,tcn_stat_confidence,1.0,486,6c66febe6270f1101fe68312b95184d6558449773403aa425fde8ef2c0e3a38b
v1_0115_favorita_20170426_tcn_stat_confidence_s13,Favorita,2017-04-26,13,tcn_stat_confidence,1.0,490,8d179bcaeb255db7d4d7c9472d1f7cdce324ad76ac4352b1eba306b5736d0c78
v1_0116_favorita_20170426_tcn_stat_confidence_s29,Favorita,2017-04-26,29,tcn_stat_confidence,1.0,490,8d179bcaeb255db7d4d7c9472d1f7cdce324ad76ac4352b1eba306b5736d0c78
v1_0117_favorita_20170426_tcn_stat_confidence_s47,Favorita,2017-04-26,47,tcn_stat_confidence,1.0,490,8d179bcaeb255db7d4d7c9472d1f7cdce324ad76ac4352b1eba306b5736d0c78
v1_0118_store_item_20170522_tcn_stat_confidence_s13,Store Item,2017-05-22,13,tcn_stat_confidence,1.0,450,0a5ab21a602b06de0be39cef52dccbe0a48d4951f93651e45e6bb08934145eb2
v1_0119_store_item_20170522_tcn_stat_confidence_s29,Store Item,2017-05-22,29,tcn_stat_confidence,1.0,450,0a5ab21a602b06de0be39cef52dccbe0a48d4951f93651e45e6bb08934145eb2
v1_0120_store_item_20170522_tcn_stat_confidence_s47,Store Item,2017-05-22,47,tcn_stat_confidence,1.0,450,0a5ab21a602b06de0be39cef52dccbe0a48d4951f93651e45e6bb08934145eb2
v1_0121_store_item_20170619_tcn_stat_confidence_s13,Store Item,2017-06-19,13,tcn_stat_confidence,1.0,450,2f26f301d7053aa299ee7bbadbb6015686bbed92508faef7a1902ff449843876
v1_0122_store_item_20170619_tcn_stat_confidence_s29,Store Item,2017-06-19,29,tcn_stat_confidence,1.0,450,2f26f301d7053aa299ee7bbadbb6015686bbed92508faef7a1902ff449843876
v1_0123_store_item_20170619_tcn_stat_confidence_s47,Store Item,2017-06-19,47,tcn_stat_confidence,1.0,450,2f26f301d7053aa299ee7bbadbb6015686bbed92508faef7a1902ff449843876
v1_0124_store_item_20170717_tcn_stat_confidence_s13,Store Item,2017-07-17,13,tcn_stat_confidence,1.0,450,5a4efc13bb3da6f7184233b80110b671e7c1b3d87f805ce90ccf2e55dc02b128
v1_0125_store_item_20170717_tcn_stat_confidence_s29,Store Item,2017-07-17,29,tcn_stat_confidence,1.0,450,5a4efc13bb3da6f7184233b80110b671e7c1b3d87f805ce90ccf2e55dc02b128
v1_0126_store_item_20170717_tcn_stat_confidence_s47,Store Item,2017-07-17,47,tcn_stat_confidence,1.0,450,5a4efc13bb3da6f7184233b80110b671e7c1b3d87f805ce90ccf2e55dc02b128
v1_0343_m5_20151207_gts_native_s13,M5,2015-12-07,13,gts_native,0.9666666666666667,1661,10c868f233dac3641ebdbef28836f4eb63b4f3753b149f01349a00294807e01e
v1_0344_m5_20151207_gts_native_s29,M5,2015-12-07,29,gts_native,1.0,2233,35f5a5fd5ebae0775b4f855ebb61ebf1474adf5f20034429a7f74e6f8731cfbe
v1_0345_m5_20151207_gts_native_s47,M5,2015-12-07,47,gts_native,0.8666666666666667,853,2bf382a2b1e8f0ae35cb1df000f73ef7897b52271e6468dcaf4fc59b6d0e4d13
v1_0346_m5_20160104_gts_native_s13,M5,2016-01-04,13,gts_native,1.0,4577,fb3e30ab691c9ce1f4643a0dd7909137f78d5a08fca417c105f6bc2ea486ef09
v1_0347_m5_20160104_gts_native_s29,M5,2016-01-04,29,gts_native,0.9888888888888889,710,e3458273375b94a44e77327b69c7e14101683cf104ad404b9dd6509424fcb031
v1_0348_m5_20160104_gts_native_s47,M5,2016-01-04,47,gts_native,1.0,4461,3f5379a725b82c3ef10b71db7c0e6c11fb15d7884a37e92c8d146091e17479f1
v1_0349_m5_20160201_gts_native_s13,M5,2016-02-01,13,gts_native,1.0,2066,8f12222e076bb7d39410a517475e6d7d4135e28b00a53afcfbb9e2f559e0d88b
v1_0350_m5_20160201_gts_native_s29,M5,2016-02-01,29,gts_native,1.0,1991,ebea8c677e5b51fafee9e2b13ce2eea75921c56ebdbb53386f07c67c418ebd0f
v1_0351_m5_20160201_gts_native_s47,M5,2016-02-01,47,gts_native,1.0,1491,bacb36188591a4c696608feab79709da8a045c9018288a51f28a9f63fca8e762
v1_0352_favorita_20170301_gts_native_s13,Favorita,2017-03-01,13,gts_native,1.0,4344,7bf427e5ba447ad81ac3e6613dab2884d1cb344bf254ef17636ac7e13f798f7d
v1_0353_favorita_20170301_gts_native_s29,Favorita,2017-03-01,29,gts_native,1.0,3554,09186fef09ac77b21deb384e954c64a77f227b8b90dcb0c51d8b0221317b42af
v1_0354_favorita_20170301_gts_native_s47,Favorita,2017-03-01,47,gts_native,0.8555555555555555,1181,e3fdeca075e66d406d72ece754ac8e404196222c5c00ac76e9e2f962ca34bb63
v1_0355_favorita_20170329_gts_native_s13,Favorita,2017-03-29,13,gts_native,0.9888888888888889,2574,b6704f329ef4b24f6824830b41bb647c64ab530865be46fd4fbbf66c1f06fa30
v1_0356_favorita_20170329_gts_native_s29,Favorita,2017-03-29,29,gts_native,1.0,3072,71c0a3780dc8019836b1389f959cea2c6cd905711dee43e97dd965180df00d48
v1_0357_favorita_20170329_gts_native_s47,Favorita,2017-03-29,47,gts_native,1.0,2292,5cc7ecc928429acff8db0590eb69c4d9fff1f38502dc7eb00c6e6a0da28c990e
v1_0358_favorita_20170426_gts_native_s13,Favorita,2017-04-26,13,gts_native,1.0,1921,06cac087dba4c7496efb2bf0da137404c8781453a22034717e507fa2c64908b2
v1_0359_favorita_20170426_gts_native_s29,Favorita,2017-04-26,29,gts_native,1.0,3777,994058bf609d85fc3859f5c4f283c675fe158f31de8838dc5a2a71ef70f1420c
v1_0360_favorita_20170426_gts_native_s47,Favorita,2017-04-26,47,gts_native,0.9555555555555556,1918,2af1f3edba6d10ba69c1f3294438478d1969d4eedfc1eb9a6538f211e2b6998c
v1_0361_store_item_20170522_gts_native_s13,Store Item,2017-05-22,13,gts_native,1.0,5948,0203198478022e139a18ee19ad971629cb578a3696ffbbea38e3529247323d9c
v1_0362_store_item_20170522_gts_native_s29,Store Item,2017-05-22,29,gts_native,1.0,6408,8656f50f85ed9c68d8d637dc06060d128802e13011df06800b98747d7c20d9ff
v1_0363_store_item_20170522_gts_native_s47,Store Item,2017-05-22,47,gts_native,1.0,5726,918aa2da1d0044c7f32037c48662faaf102aba5ada98befce0fe1acb31a2f626
v1_0364_store_item_20170619_gts_native_s13,Store Item,2017-06-19,13,gts_native,1.0,6054,c7c2a6960a8f22f1a800e5b3e3a9baf7ccefdae68018a80ad716020ffd2dd0f7
v1_0365_store_item_20170619_gts_native_s29,Store Item,2017-06-19,29,gts_native,1.0,6583,62c0f5ffd9c269944d593842ce2603e04112c66c1de7dd59c17ebc69d10f6d22
v1_0366_store_item_20170619_gts_native_s47,Store Item,2017-06-19,47,gts_native,1.0,6070,c0b9bb71323fbd3ed1ac7180ca76cc20b73a9a14c24eb72459de3bc52f54fe23
v1_0367_store_item_20170717_gts_native_s13,Store Item,2017-07-17,13,gts_native,1.0,6228,29ecf6d004db0d6d340d06116c1d511cb3e843e33ffcdcffd593df63268f6db8
v1_0368_store_item_20170717_gts_native_s29,Store Item,2017-07-17,29,gts_native,1.0,6884,40d0677a6217f0f2fcbd18424c182a0bb97314cbcada9b15dcc72f509b5ed59f
v1_0369_store_item_20170717_gts_native_s47,Store Item,2017-07-17,47,gts_native,1.0,6153,e136921e16b0065f8488781b2bf563da5ed890a1b74277b537c11cfb5e6f4040
v1_0424_m5_20151207_mtgnn_native_s13,M5,2015-12-07,13,mtgnn_native,1.0,1800,3fc132bd3b13bb698e21353ac5709ed356a15cbc6531b27638b0f652c928703b
v1_0425_m5_20151207_mtgnn_native_s29,M5,2015-12-07,29,mtgnn_native,1.0,1795,c549971153ef53cef567a2f2e96dbfb963ff450c8c87dc07c5b9f821a05806a9
v1_0426_m5_20151207_mtgnn_native_s47,M5,2015-12-07,47,mtgnn_native,1.0,1798,585eaf91591a2f6922187923d63fb66ee99292d0388fc1b0da6d8f665cc342b7
v1_0427_m5_20160104_mtgnn_native_s13,M5,2016-01-04,13,mtgnn_native,1.0,1800,8dc003e5b8eb74876780569736987c31b9a1dabd6152552cfe89f8f4bd51506e
v1_0428_m5_20160104_mtgnn_native_s29,M5,2016-01-04,29,mtgnn_native,1.0,1800,289f9e3f64a658b0eac3d91fe364f80c30b7845ae039bcee20fc050c23e1ae4b
v1_0429_m5_20160104_mtgnn_native_s47,M5,2016-01-04,47,mtgnn_native,1.0,1796,d1223dddfd7538561d77446927274ac7c7eb0d7c9659ff4c25abebe9f456a0d2
v1_0430_m5_20160201_mtgnn_native_s13,M5,2016-02-01,13,mtgnn_native,1.0,1800,7d44703d12c90fc9f11add22f4cc60a9c67141934c14b1f79555a5a3b7076bf4
v1_0431_m5_20160201_mtgnn_native_s29,M5,2016-02-01,29,mtgnn_native,1.0,1800,69408767040aa4deebe22f8e1fe14da1661c0b5ea71929a941f41e5e1dfd57d9
v1_0432_m5_20160201_mtgnn_native_s47,M5,2016-02-01,47,mtgnn_native,1.0,1797,b0e29a766aba75ae36e194768cecb4678e4c33d8a273228b492e282c1510edb9
v1_0433_favorita_20170301_mtgnn_native_s13,Favorita,2017-03-01,13,mtgnn_native,1.0,1800,54a70e0e707bf137ae4b3c132961bf2611e54937bd28f86c075ce87e031ac758
v1_0434_favorita_20170301_mtgnn_native_s29,Favorita,2017-03-01,29,mtgnn_native,1.0,1800,c937e8682314ffa7a7b8501fd72d8fb63da4ecfb02db56d41ba5662ce08dafe2
v1_0435_favorita_20170301_mtgnn_native_s47,Favorita,2017-03-01,47,mtgnn_native,1.0,1800,8fc1db48ef03aa769266a616b4f36e8ab39e86f09914b9d3debb6f04c0a7a5e3
v1_0436_favorita_20170329_mtgnn_native_s13,Favorita,2017-03-29,13,mtgnn_native,1.0,1800,40aa24ed3cd047ab1af38a3aa1c8975f1d8496abb598c595ff7d512639473cb7
v1_0437_favorita_20170329_mtgnn_native_s29,Favorita,2017-03-29,29,mtgnn_native,1.0,1796,aa3702336fd51234b597c9ad39938e97296f8ee74d33e7ba4fa87b615b37f46d
v1_0438_favorita_20170329_mtgnn_native_s47,Favorita,2017-03-29,47,mtgnn_native,1.0,1800,219991f61b17fe73caa94197a32cb896d09d61ac4a35fb76bafc19e932b95112
v1_0439_favorita_20170426_mtgnn_native_s13,Favorita,2017-04-26,13,mtgnn_native,1.0,1800,8601044c9456c6cbccf9f4da4d233fb76663e27a48e98430930e828b64494730
v1_0440_favorita_20170426_mtgnn_native_s29,Favorita,2017-04-26,29,mtgnn_native,1.0,1791,70995e873e32395a95406442f900ee22086891881a10b6e75b0ba2e4744f316b
v1_0441_favorita_20170426_mtgnn_native_s47,Favorita,2017-04-26,47,mtgnn_native,1.0,1800,b1bb4c66f3aaba029a9c477e730af59871f820d6a5d0a5cf578cc7563869ff23
v1_0442_store_item_20170522_mtgnn_native_s13,Store Item,2017-05-22,13,mtgnn_native,1.0,1800,4de95744f08d898f306e550ad36e09aa82f7e1ccc9b6a80f358ab881382e6070
v1_0443_store_item_20170522_mtgnn_native_s29,Store Item,2017-05-22,29,mtgnn_native,1.0,1800,17a50bfa58e1b9b9db4763bdda2695f6326f6b29e8adea1d2f1e0ffdac8cc302
v1_0444_store_item_20170522_mtgnn_native_s47,Store Item,2017-05-22,47,mtgnn_native,1.0,1800,8873bcb2cf8681673cf925268549e40855f4826b8608b8b0b7842de796dba002
v1_0445_store_item_20170619_mtgnn_native_s13,Store Item,2017-06-19,13,mtgnn_native,1.0,1800,352b6d465f978b1255504a843421c93526daa9e6899103b5c70c81a932679709
v1_0446_store_item_20170619_mtgnn_native_s29,Store Item,2017-06-19,29,mtgnn_native,1.0,1800,24b7260477feab35f217ca9de8090442cea2986ddcb14dc0cd06bbd7b321b174
v1_0447_store_item_20170619_mtgnn_native_s47,Store Item,2017-06-19,47,mtgnn_native,1.0,1800,5864afdaa2b8c8971d0549e81376a0e64e21a47784d02eddd6e7c0b28cd6428d
v1_0448_store_item_20170717_mtgnn_native_s13,Store Item,2017-07-17,13,mtgnn_native,1.0,1800,79bf544db46d79fcfbd2e1f3b0d33102cb93f67bf2668814846226d086b5e0d9
v1_0449_store_item_20170717_mtgnn_native_s29,Store Item,2017-07-17,29,mtgnn_native,1.0,1800,103b8dd58a976c027b64990ad3e3eb1dc0417211099bb7727c5afb270b811fb9
v1_0450_store_item_20170717_mtgnn_native_s47,Store Item,2017-07-17,47,mtgnn_native,1.0,1800,ab247d0d507b658f6e7fb7a63d477a81fa4b61e550994568e2ce008fa9f916c4
v1_0505_m5_20151207_mage_native_s13,M5,2015-12-07,13,mage_native,1.0,8010,dd0aa2cb959e28e5b2c6b1828e08f5969b6e50b6577eade8df75ab023e6af218
v1_0506_m5_20151207_mage_native_s29,M5,2015-12-07,29,mage_native,1.0,8010,97a5124cb5ceefcbb6886d621c23bb24aecf398898a2085c328109373a8945d8
v1_0507_m5_20151207_mage_native_s47,M5,2015-12-07,47,mage_native,1.0,8010,49eb606b4b1c5701d7c797aebdb9ea6a02ea221e474b7f5900ba07849e6ed184
v1_0508_m5_20160104_mage_native_s13,M5,2016-01-04,13,mage_native,1.0,8010,5aca122edd6ebbee8847200d471c715a0e4edf88f509f7e48fb7a15750807241
v1_0509_m5_20160104_mage_native_s29,M5,2016-01-04,29,mage_native,1.0,8010,2319e3006a7cec1480e40328bb78910e35bdcbcdee94e49b0a252ec0e3f8fc96
v1_0510_m5_20160104_mage_native_s47,M5,2016-01-04,47,mage_native,1.0,8010,c7c62833068bc2bb9a98580d26d9bc95f063038fed59c9fd16378270614e04f5
v1_0511_m5_20160201_mage_native_s13,M5,2016-02-01,13,mage_native,1.0,8010,53c9596ce6bd6fed834ca618a763b1f2a882d1eea046001c4a6d8d59491e19c2
v1_0512_m5_20160201_mage_native_s29,M5,2016-02-01,29,mage_native,1.0,8010,3ac8f6e29912c1590bb4c352fbbb943b162ea51eeed0d1f41aa6399de6e146f5
v1_0513_m5_20160201_mage_native_s47,M5,2016-02-01,47,mage_native,1.0,8010,8e7cae6058455cb9ea112c5e103d1f54382aa4941fec25b4f2b165391244a804
v1_0514_favorita_20170301_mage_native_s13,Favorita,2017-03-01,13,mage_native,1.0,8010,d6050df49a3a27f1822029a7cc12990a97d630d465fb1cfaab3cd65207d16260
v1_0515_favorita_20170301_mage_native_s29,Favorita,2017-03-01,29,mage_native,1.0,8010,00faef49910e39a2d07b0f73e54a77c8dd4caeb7acba1693802127ef168c61c0
v1_0516_favorita_20170301_mage_native_s47,Favorita,2017-03-01,47,mage_native,1.0,8010,0748e129e0b9372cde887e26271cc76c9601bd5072a3320feace7b7166046e6d
v1_0517_favorita_20170329_mage_native_s13,Favorita,2017-03-29,13,mage_native,1.0,8010,81fbcf08ff41d7e40b8476c6d0a7f49a75bb26bf770f0f199a02f6d379549b1f
v1_0518_favorita_20170329_mage_native_s29,Favorita,2017-03-29,29,mage_native,1.0,8010,3515b86b82ffada331b40059fa333d8e1098a0373309a023433fedc84bee56b1
v1_0519_favorita_20170329_mage_native_s47,Favorita,2017-03-29,47,mage_native,1.0,8010,78481d8720f28b3b987cf9aea783e7d737e07fac185101d537d0bcbbe03e9d16
v1_0520_favorita_20170426_mage_native_s13,Favorita,2017-04-26,13,mage_native,1.0,8010,d7dcdd1455d9c16aded47c396a270bff2976335ce3ecf7d04778d0b5a4ebd2fd
v1_0521_favorita_20170426_mage_native_s29,Favorita,2017-04-26,29,mage_native,1.0,8010,ba81c5057575180d495f6057c9c72e7461f160d317622af06001e3da148bd0d8
v1_0522_favorita_20170426_mage_native_s47,Favorita,2017-04-26,47,mage_native,1.0,8010,5f12f85dd5783a598bd969622e1d4907244b2a98f8b208ded90527f97e0ac6d8
v1_0523_store_item_20170522_mage_native_s13,Store Item,2017-05-22,13,mage_native,1.0,8010,8225ead3dc9a58d4ecfe35eb984e350ec8490a337fe527af18acff990e46efc1
v1_0524_store_item_20170522_mage_native_s29,Store Item,2017-05-22,29,mage_native,1.0,8010,e23604feb319357d1ab609855c2f9a535a318df8692398db5d0901edbe6cafeb
v1_0525_store_item_20170522_mage_native_s47,Store Item,2017-05-22,47,mage_native,1.0,8010,9841fdbd39de4912f60adb3193731b0597bff6c3e0ed63853106af2f8aa24628
v1_0526_store_item_20170619_mage_native_s13,Store Item,2017-06-19,13,mage_native,1.0,8010,c87363ad409a4fcedd9cd50e72b7200211bed5994d42b5cccb0f88a2c1f97937
v1_0527_store_item_20170619_mage_native_s29,Store Item,2017-06-19,29,mage_native,1.0,8010,48df8861387730ec0b86e97ab4961ec07ed4b7ac2cd8bd1cef797e4360d4f847
v1_0528_store_item_20170619_mage_native_s47,Store Item,2017-06-19,47,mage_native,1.0,8010,9423388f8839ed208e9fcc063e725f99c16d35fad2787e1d067dae094cdc4f7b
v1_0529_store_item_20170717_mage_native_s13,Store Item,2017-07-17,13,mage_native,1.0,8010,9d91beab634ccc64d12c719c8c7679135baa8be9b56823c7dff48e206d748cf5
v1_0530_store_item_20170717_mage_native_s29,Store Item,2017-07-17,29,mage_native,1.0,8010,67b3f47991ffdb1cf69b46a9f529cec4dbc61dd2ac54b3d67de53f7ee678ed59
v1_0531_store_item_20170717_mage_native_s47,Store Item,2017-07-17,47,mage_native,1.0,8010,50599f188f6b196c8ed2c0d52c4d4d76d34fb3b03b0e5d052ebd4e6e6bf819cc
v1_0604_m5_20151207_semantic_knn_tcn_s13,M5,2015-12-07,13,semantic_knn_tcn,1.0,450,1076a7dd2443f19bcd5fa1ae05c489fe4abd94768c704b85e642e927b6ee7744
v1_0605_m5_20151207_semantic_knn_tcn_s29,M5,2015-12-07,29,semantic_knn_tcn,1.0,450,1076a7dd2443f19bcd5fa1ae05c489fe4abd94768c704b85e642e927b6ee7744
v1_0606_m5_20151207_semantic_knn_tcn_s47,M5,2015-12-07,47,semantic_knn_tcn,1.0,450,1076a7dd2443f19bcd5fa1ae05c489fe4abd94768c704b85e642e927b6ee7744
v1_0607_m5_20160104_semantic_knn_tcn_s13,M5,2016-01-04,13,semantic_knn_tcn,1.0,450,1076a7dd2443f19bcd5fa1ae05c489fe4abd94768c704b85e642e927b6ee7744
v1_0608_m5_20160104_semantic_knn_tcn_s29,M5,2016-01-04,29,semantic_knn_tcn,1.0,450,1076a7dd2443f19bcd5fa1ae05c489fe4abd94768c704b85e642e927b6ee7744
v1_0609_m5_20160104_semantic_knn_tcn_s47,M5,2016-01-04,47,semantic_knn_tcn,1.0,450,1076a7dd2443f19bcd5fa1ae05c489fe4abd94768c704b85e642e927b6ee7744
v1_0610_m5_20160201_semantic_knn_tcn_s13,M5,2016-02-01,13,semantic_knn_tcn,1.0,450,1076a7dd2443f19bcd5fa1ae05c489fe4abd94768c704b85e642e927b6ee7744
v1_0611_m5_20160201_semantic_knn_tcn_s29,M5,2016-02-01,29,semantic_knn_tcn,1.0,450,1076a7dd2443f19bcd5fa1ae05c489fe4abd94768c704b85e642e927b6ee7744
v1_0612_m5_20160201_semantic_knn_tcn_s47,M5,2016-02-01,47,semantic_knn_tcn,1.0,450,1076a7dd2443f19bcd5fa1ae05c489fe4abd94768c704b85e642e927b6ee7744
v1_0613_favorita_20170301_semantic_knn_tcn_s13,Favorita,2017-03-01,13,semantic_knn_tcn,1.0,450,caa92da9f684fb2f872b5d8e0e55452cfd0aadd850bb597e889b810174730095
v1_0614_favorita_20170301_semantic_knn_tcn_s29,Favorita,2017-03-01,29,semantic_knn_tcn,1.0,450,caa92da9f684fb2f872b5d8e0e55452cfd0aadd850bb597e889b810174730095
v1_0615_favorita_20170301_semantic_knn_tcn_s47,Favorita,2017-03-01,47,semantic_knn_tcn,1.0,450,caa92da9f684fb2f872b5d8e0e55452cfd0aadd850bb597e889b810174730095
v1_0616_favorita_20170329_semantic_knn_tcn_s13,Favorita,2017-03-29,13,semantic_knn_tcn,1.0,450,caa92da9f684fb2f872b5d8e0e55452cfd0aadd850bb597e889b810174730095
v1_0617_favorita_20170329_semantic_knn_tcn_s29,Favorita,2017-03-29,29,semantic_knn_tcn,1.0,450,caa92da9f684fb2f872b5d8e0e55452cfd0aadd850bb597e889b810174730095
v1_0618_favorita_20170329_semantic_knn_tcn_s47,Favorita,2017-03-29,47,semantic_knn_tcn,1.0,450,caa92da9f684fb2f872b5d8e0e55452cfd0aadd850bb597e889b810174730095
v1_0619_favorita_20170426_semantic_knn_tcn_s13,Favorita,2017-04-26,13,semantic_knn_tcn,1.0,450,caa92da9f684fb2f872b5d8e0e55452cfd0aadd850bb597e889b810174730095
v1_0620_favorita_20170426_semantic_knn_tcn_s29,Favorita,2017-04-26,29,semantic_knn_tcn,1.0,450,caa92da9f684fb2f872b5d8e0e55452cfd0aadd850bb597e889b810174730095
v1_0621_favorita_20170426_semantic_knn_tcn_s47,Favorita,2017-04-26,47,semantic_knn_tcn,1.0,450,caa92da9f684fb2f872b5d8e0e55452cfd0aadd850bb597e889b810174730095
