dataset,model_id,RMSSE_origin_mean,RMSSE_origin_sd,RMSSE_origin_min,RMSSE_origin_max,WAPE_origin_sd,MAE_origin_sd
Favorita,dlinear,0.7471296977137561,0.08694296211990662,0.6899006576555761,0.8471774480540811,0.051807855611006315,1.423583416340781
Favorita,global_lightgbm,0.9136302339590516,0.11413494201217762,0.8236376981689685,1.0420099091643975,0.014149041664288691,0.6473429127271383
Favorita,gts_native,0.8225310844778067,0.08744956609275223,0.7577313147340083,0.9219993597484151,0.06024647048800623,1.7700722237497424
Favorita,gts_no_graph,0.757367809813316,0.10442162999628123,0.6893939326063685,0.8776017241560664,0.034816606564835366,1.117103922262866
Favorita,gts_placebo,0.7935235540070803,0.1033159813608149,0.7254648175209925,0.9124069044518229,0.04859921055508394,1.4770341155024758
Favorita,itransformer,0.7669449907044242,0.09177484284048902,0.7100119545385177,0.8728168950540652,0.04884717158794873,1.391630306033385
Favorita,mage_native,0.7388600220074032,0.08952549216849856,0.6816686244722842,0.8420323376464518,0.022340237009903213,0.8083439096008384
Favorita,mage_no_graph,0.7346070555147372,0.09136034319085198,0.675110431615738,0.8397995595297366,0.02078953824077963,0.7648170246938946
Favorita,mage_placebo,0.734953890442565,0.09308992575479114,0.6703374924083308,0.84165479814705,0.018417046262945488,0.7165066467953517
Favorita,metadata_embedding_tcn,0.7331870771669108,0.1141327195565188,0.6525078536863494,0.863773156136093,0.03156994454535406,0.9193571876525872
Favorita,mixlinear,0.7397853692807687,0.11030693058657216,0.6676139147504486,0.8667615789886152,0.031134425020831285,0.998198940258454
Favorita,mtgnn_native,0.7294268700304452,0.07854464300689519,0.6729004494102263,0.8191134779507502,0.021559113307889087,0.6304885263060759
Favorita,mtgnn_no_graph,0.7257155719793164,0.08803570511589855,0.6614133354515311,0.8260517484187141,0.042712920188780874,1.1329606528250975
Favorita,mtgnn_placebo,0.7292332336840102,0.08110680035178193,0.6673073981590458,0.821041909180332,0.0125550468627982,0.2598394349744144
Favorita,nlinear,0.7670884369043183,0.0969527729500643,0.7055292531863674,0.8788475962954273,0.06446312170814276,1.738308884417885
Favorita,patchtst,0.7657340096633964,0.09575479556162951,0.7094095697314405,0.8762955559179617,0.05222002000846959,1.4857912945227805
Favorita,seasonal_naive,0.9060784459963286,0.09280050807313531,0.8165322114824081,1.0018225178442666,0.037398671496929964,0.8313949065456309
Favorita,semantic_knn_tcn,0.7395745793155665,0.09986897212197926,0.6625205395831201,0.8524038051610444,0.011899558212490323,0.5487063317942112
Favorita,semantic_placebo_tcn,0.7541004388925465,0.10825959853959614,0.6791565350315144,0.8782193707560401,0.022837805751215738,0.8179067132791016
Favorita,tcn_business,0.7912564265036356,0.12087648909500862,0.7004214014240308,0.9284501575318155,0.0535415677993449,1.5109444056000523
Favorita,tcn_no_graph,0.8161400597643728,0.14397520244844172,0.7126903893218834,0.9805701884907365,0.1424333134321708,3.239897538494823
Favorita,tcn_stat_confidence,0.779483111492793,0.12971768937823994,0.6739938945125781,0.9243184239833879,0.04183458656639799,0.9756198378639719
Favorita,tcn_stat_equal,0.7737763095456599,0.12823308520349075,0.6720608427268912,0.9178230820003401,0.0359020375634229,0.8503166191943805
Favorita,tcn_stat_placebo,0.7979788460127377,0.10657161598890928,0.7191281441878483,0.9192237205780328,0.006864935856169763,0.2599931459018454
Favorita,tcn_target_only,0.7569601755646497,0.10018306490956637,0.695303989256813,0.8725557891031728,0.0009538059627523979,0.3460545663924602
Favorita,timemixerpp,0.7457166362559161,0.09353119188057786,0.6853706609009659,0.853458021483207,0.02542944603058545,0.8661334610658747
M5,dlinear,0.659722330154702,0.10046163888834861,0.5781011723943515,0.7719193982504701,0.1682703985885796,1.0600270045126727
M5,global_lightgbm,0.7729551276729341,0.08982009702234585,0.6898504803326487,0.8682462922492474,0.9928274404420228,0.6611767035776495
M5,gts_native,0.68402996574528,0.08675668463102663,0.5985361714782284,0.7719966669975179,0.17216265684011464,1.2484829661017478
M5,gts_no_graph,0.6298096735908291,0.10542825661920655,0.5350135483708995,0.7433544540047095,0.17202703715451517,1.133027689854995
M5,gts_placebo,0.6603193277553066,0.09001900889119556,0.5639540427346601,0.7422469083144739,0.13344843118007998,1.386890118955863
M5,itransformer,0.6752661265184684,0.11463346078698818,0.5825844185931975,0.8034507712904441,0.11471007041089298,1.3150382939187866
M5,mage_native,0.6383547137489716,0.11106799390858711,0.5518336155339466,0.7636010783590906,0.18005967582605004,0.9505546223679736
M5,mage_no_graph,0.6467682587216917,0.11033052243331762,0.5630470866026758,0.771790724177185,0.1901122055277501,0.977583920979646
M5,mage_placebo,0.6353115298562128,0.10639133559525936,0.5529320356665001,0.7554273847515202,0.1878943216831155,0.9117054339155348
M5,metadata_embedding_tcn,0.6249412343764229,0.10480004957214704,0.5437457458719925,0.7432468924805725,0.201526523543914,0.9517414343250313
M5,mixlinear,0.673370382633507,0.0903738967854864,0.608114494390935,0.7765227410199854,0.29597402264368483,0.8793123716193904
M5,mtgnn_native,0.6206917586580277,0.10118493464558506,0.5561389502292317,0.737307312691461,0.3731057660178533,0.4868969167930889
M5,mtgnn_no_graph,0.6176338655007242,0.10110822732491469,0.5590037956305202,0.7343832175718791,0.29516576751422213,0.6162319725672958
M5,mtgnn_placebo,0.6215846641861765,0.10425912586752556,0.557927706909534,0.7419050021640455,0.3163302476902239,0.6007259251903782
M5,nlinear,0.6845291424446721,0.09520640570453114,0.6027471764829695,0.7890443520986624,0.12398013632563873,1.1992376675037333
M5,patchtst,0.6400033538241519,0.1148707186367426,0.5553377128795639,0.7707617301765378,0.09745700036592758,1.2122308836486513
M5,seasonal_naive,0.7742189866648258,0.10252255764225553,0.6639441430569958,0.8666454011604331,0.43809805803904683,0.7683811164281993
M5,semantic_knn_tcn,0.6217904506381237,0.09470293385750685,0.5416601670767012,0.7262993580094165,0.19679050926654204,0.9583844916961548
M5,semantic_placebo_tcn,0.6318599205677303,0.09377291586366364,0.54202186997193,0.7291258965737049,0.18776366079717446,1.0517025878889557
M5,tcn_business,0.6360019687373896,0.13392302703633757,0.5509552526001605,0.7903764297343203,0.12381572268633327,1.0826843343951702
M5,tcn_no_graph,0.6332821312998235,0.13413124889923134,0.5256187353687783,0.7835380835466927,0.09541606252365468,1.1488198695340845
M5,tcn_stat_confidence,0.6531083927604736,0.14590094537880954,0.5458928246318736,0.8192581793197378,0.13481411093573048,1.1437689523097208
M5,tcn_stat_equal,0.6730990539414098,0.14434547471881037,0.5316659618167092,0.8201905069486016,0.17329205085514138,1.6255207935263787
M5,tcn_stat_placebo,0.6463813931230147,0.14936765233214036,0.5341627633964533,0.8159187905758148,0.08048403513492525,1.1980303421006626
M5,tcn_target_only,0.6618083901280286,0.11734916559380665,0.5430591267473837,0.7777054598450173,0.10934569356193073,1.3473271376852132
M5,timemixerpp,0.6312710474455483,0.11720473942390885,0.5634554975589476,0.7666073161103363,0.17639269884853195,0.9969920827255611
Store Item,dlinear,0.8268827170493812,0.030388114843976112,0.8081783676562985,0.8619457456622514,0.0031785400500407763,0.3951812847521914
Store Item,global_lightgbm,0.8072511284022837,0.03681026185923198,0.7772073251264373,0.8483119008238432,0.005743021549026699,0.4020170074397221
Store Item,gts_native,1.3319328238827601,0.10155759789220824,1.2204460461687603,1.4191717598194244,0.027188561259609466,2.027855874588607
Store Item,gts_no_graph,1.1017908025816647,0.07734552763634496,1.0195812227910188,1.1731200757368991,0.010303208787446687,0.8956301318103387
Store Item,gts_placebo,1.687742741208783,0.3044742920693968,1.4604555187183357,2.0336792352562867,0.053789587555580484,4.162531229894687
Store Item,itransformer,0.9016560167695379,0.11249283947482218,0.8315484086935112,1.0314110953528381,0.0232230177667438,1.4832376944942647
Store Item,mage_native,0.9274341054214195,0.046895439324385634,0.8986851716329367,0.9815490596547237,0.012582171941475083,0.5626862313262776
Store Item,mage_no_graph,0.8751587597736972,0.020697310282170343,0.8531221261778709,0.8941876157381651,0.003323859327307,0.2150568083578958
Store Item,mage_placebo,0.9274904177860566,0.0467917077418563,0.8987788588392961,0.9814845461217988,0.012559196790402797,0.5612954375546231
Store Item,mixlinear,0.697927957049802,0.00861250860992714,0.688272364680866,0.7048179017642688,0.002066312071092134,0.1098210825192599
Store Item,mtgnn_native,0.9786353838951679,0.2367389526649478,0.7186563135959588,1.181792493582033,0.04833361252177825,3.321153923308671
Store Item,mtgnn_no_graph,1.035231325566704,0.19750466003844722,0.8088817330285027,1.1725408935406552,0.035997630503351384,2.608823477499611
Store Item,mtgnn_placebo,0.8911812467524937,0.25227374530962865,0.7311807894015224,1.1819940291532198,0.055552716959991644,3.6451918059727246
Store Item,nlinear,0.7698634749048973,0.04566414270652652,0.7213200200839557,0.8119639340329474,0.007064397626608261,0.564653743770792
Store Item,patchtst,0.7467650210486249,0.0569306485553932,0.6812724740493543,0.7844248941044861,0.008043840746374573,0.708004841423833
Store Item,seasonal_naive,0.9422227767273249,0.06117669529592704,0.8877201483509353,1.008393053804831,0.009639967382970705,0.6266411887150507
Store Item,tcn_business,0.9066053861013775,0.18246638105589472,0.7748390390157196,1.1148690447796752,0.03402973694888077,2.5291122437206077
Store Item,tcn_no_graph,0.8348860751885455,0.08004339992283581,0.7572473150600619,0.9171348584894295,0.01585847562248898,1.1148025091923899
Store Item,tcn_stat_confidence,0.8592873798066331,0.09271994202700572,0.7866109684046956,0.9637107679542513,0.024011119945143076,1.3216013051539863
Store Item,tcn_stat_equal,0.8741120838688446,0.08251040771039009,0.7793787476870452,0.9302630357913615,0.018543745690555103,1.1098321094984296
Store Item,tcn_stat_placebo,0.8015293427024414,0.0073864571348993295,0.7930007850131187,0.8058803787406247,0.002733999715480408,0.20325537028843438
Store Item,tcn_target_only,1.0257943134467267,0.16618557893481023,0.9157835419161285,1.2169645597904066,0.04239338638581576,2.4675139989318
Store Item,timemixerpp,0.7207436028574006,0.05634208701939852,0.6594245921681354,0.7702290202853511,0.00930047636904414,0.7192233301975204
