dataset,model_id,seed,RMSSE,WAPE,MAE,origins
Favorita,dlinear,13,0.7481198606603345,0.41740571011587785,9.218629221101759,3
Favorita,dlinear,29,0.7526182649071812,0.4269294239191095,9.43645645344541,3
Favorita,dlinear,47,0.7406509675737527,0.43053549885319753,9.528054678491342,3
Favorita,global_lightgbm,13,0.9136302339590516,0.44074765795378773,9.728975791563945,3
Favorita,gts_native,13,0.7878724771490758,0.5442215135932246,12.03194220494616,3
Favorita,gts_native,29,0.8199854704511375,0.6643014294869855,14.694313464081683,3
Favorita,gts_native,47,0.8597353058332066,0.61917237491528,13.679891058958441,3
Favorita,gts_no_graph,13,0.753970973475855,0.48010361266170354,10.604357051324818,3
Favorita,gts_no_graph,29,0.7609648199277897,0.46604650511870815,10.292309796037374,3
Favorita,gts_no_graph,47,0.7571676360363032,0.5037792357784349,11.136948562871476,3
Favorita,gts_placebo,13,0.7892153468730241,0.5551078145292098,12.247251733017732,3
Favorita,gts_placebo,29,0.7623766417979109,0.5194628739832079,11.465220056723547,3
Favorita,gts_placebo,47,0.828978673350306,0.6481918179894902,14.352955346930495,3
Favorita,itransformer,13,0.8023555972467106,0.4943863036447383,10.935592681622852,3
Favorita,itransformer,29,0.7545630250053641,0.43393768484873146,9.587238201573884,3
Favorita,itransformer,47,0.7439163498611975,0.4182773261055852,9.24530198794824,3
Favorita,mage_native,13,0.7407313788287097,0.42688444785744656,9.432820633941216,3
Favorita,mage_native,29,0.7392185809261851,0.40658045091084466,8.978605133693732,3
Favorita,mage_native,47,0.7366301062673143,0.4155789216086061,9.173826529425705,3
Favorita,mage_no_graph,13,0.7406041816495376,0.4096337133955356,9.046959247461027,3
Favorita,mage_no_graph,29,0.7301246868339523,0.4051873274387443,8.93815013512215,3
Favorita,mage_no_graph,47,0.7330922980607216,0.4173301481501186,9.223773097943036,3
Favorita,mage_placebo,13,0.7289901011225063,0.41407325988669547,9.142336363904795,3
Favorita,mage_placebo,29,0.7392302463282817,0.4070005230390102,8.988118861516458,3
Favorita,mage_placebo,47,0.7366413238769071,0.4139876637692643,9.14023451786653,3
Favorita,metadata_embedding_tcn,13,0.7453165127609346,0.46108546218058616,10.181945817107483,3
Favorita,metadata_embedding_tcn,29,0.7318226860627016,0.4049302173695542,8.945830670338884,3
Favorita,metadata_embedding_tcn,47,0.7224220326770959,0.3956537812788521,8.730827748780904,3
Favorita,mixlinear,13,0.7417229237715732,0.4161767888235586,9.196876790784495,3
Favorita,mixlinear,29,0.7373620923014452,0.4128751550431229,9.122742795542118,3
Favorita,mixlinear,47,0.7402710917692873,0.41297093461195383,9.124451427898867,3
Favorita,mtgnn_native,13,0.7260727171878195,0.44673357329686086,9.872680631252967,3
Favorita,mtgnn_native,29,0.7291853922910626,0.4242152578784902,9.352277067393095,3
Favorita,mtgnn_native,47,0.7330225006124533,0.4374793512214548,9.641791997788838,3
Favorita,mtgnn_no_graph,13,0.7164157944546732,0.41548689035117364,9.178944491517418,3
Favorita,mtgnn_no_graph,29,0.737116161225272,0.43428902461096014,9.597187840780883,3
Favorita,mtgnn_no_graph,47,0.7236147602580036,0.3928260414330785,8.666961532025033,3
Favorita,mtgnn_placebo,13,0.7265408058222048,0.41968055011598193,9.25193865321202,3
Favorita,mtgnn_placebo,29,0.73021406439634,0.43037456666711593,9.481211945835115,3
Favorita,mtgnn_placebo,47,0.7309448308334859,0.4302260899320916,9.493895926187554,3
Favorita,nlinear,13,0.752123696035342,0.4316491115913171,9.547939330907095,3
Favorita,nlinear,29,0.781027656824311,0.45448522519021767,10.058411844260005,3
Favorita,nlinear,47,0.7681139578533015,0.44650080557157984,9.878232126324265,3
Favorita,patchtst,13,0.7485345031097159,0.43895337941501705,9.694394237891077,3
Favorita,patchtst,29,0.7525207282026084,0.46758210893666446,10.351854574987813,3
Favorita,patchtst,47,0.7961467976778648,0.472884693141588,10.455751111991113,3
Favorita,seasonal_naive,13,0.9060784459963286,0.5014273044391675,11.05542360209914,3
Favorita,semantic_knn_tcn,13,0.7419280482811944,0.40442471923483586,8.91743901740592,3
Favorita,semantic_knn_tcn,29,0.7325122651753898,0.40243927708339977,8.889571464273624,3
Favorita,semantic_knn_tcn,47,0.7442834244901153,0.4019388094936998,8.871304487464604,3
Favorita,semantic_placebo_tcn,13,0.7605845309673526,0.45648767368028004,10.067537326641657,3
Favorita,semantic_placebo_tcn,29,0.7525077466435889,0.431477284926096,9.525850230380499,3
Favorita,semantic_placebo_tcn,47,0.7492090390666978,0.4321461855296491,9.557531578743228,3
Favorita,tcn_business,13,0.7883518271732123,0.5241896899265189,11.556070459092027,3
Favorita,tcn_business,29,0.7852251599855178,0.4908015435409667,10.849650887852269,3
Favorita,tcn_business,47,0.8001922923521766,0.5428086249396965,12.025058800191003,3
Favorita,tcn_no_graph,13,0.7775278968643521,0.557553446210596,12.252336631182127,3
Favorita,tcn_no_graph,29,0.8148634935713469,0.5973260497803108,13.187615621846819,3
Favorita,tcn_no_graph,47,0.8560287888574193,0.6474309867836175,14.329190954422115,3
Favorita,tcn_stat_confidence,13,0.753098837365172,0.4861350908587208,10.70316936940339,3
Favorita,tcn_stat_confidence,29,0.7805438841264115,0.4673196383369837,10.318777652861423,3
Favorita,tcn_stat_confidence,47,0.8048066129867956,0.5205549285227254,11.485020240922532,3
Favorita,tcn_stat_equal,13,0.7530205903533402,0.4755679376161021,10.466799993966287,3
Favorita,tcn_stat_equal,29,0.7795373039358066,0.47798316769412147,10.550234021066082,3
Favorita,tcn_stat_equal,47,0.7887710343478328,0.5067279851441869,11.187427864947097,3
Favorita,tcn_stat_placebo,13,0.7688159315387771,0.49087082370054524,10.834051996980001,3
Favorita,tcn_stat_placebo,29,0.8266182699608443,0.527844589759771,11.632030564846184,3
Favorita,tcn_stat_placebo,47,0.7985023365385918,0.5083214191655605,11.206587143798197,3
Favorita,tcn_target_only,13,0.7641893822398891,0.445955508193407,9.840293176785584,3
Favorita,tcn_target_only,29,0.7506841916768708,0.4281617979610823,9.437531318531308,3
Favorita,tcn_target_only,47,0.7560069527771892,0.4145353001303205,9.147602099829683,3
Favorita,timemixerpp,13,0.7435895346546134,0.40317147498447214,8.901817563031283,3
Favorita,timemixerpp,29,0.7585845568983324,0.419578220250806,9.275288188014988,3
Favorita,timemixerpp,47,0.7349758172148023,0.39114915131458944,8.6379408735299,3
M5,dlinear,13,0.6634183007080009,0.855851202807688,3.0629719648194853,3
M5,dlinear,29,0.6576296707143175,0.8405863280955584,3.089236197561499,3
M5,dlinear,47,0.6581190190417875,0.8312041520484819,3.0781784987323504,3
M5,global_lightgbm,13,0.7729551276729341,1.2440058636890658,3.652896834858668,3
M5,gts_native,13,0.6853443519695425,0.9131599022740434,3.433841157201639,3
M5,gts_native,29,0.6741777989598327,0.9756719431098345,3.4445036859663016,3
M5,gts_native,47,0.692567746306465,0.8994710748045027,3.387109921344374,3
M5,gts_no_graph,13,0.6341039054659574,0.8296512942627544,3.0047508931274045,3
M5,gts_no_graph,29,0.6333129960854874,0.7902847650984123,2.900594661084863,3
M5,gts_no_graph,47,0.6220121192210425,0.7548508786704797,2.841805045924908,3
M5,gts_placebo,13,0.6800659812497544,0.8591369265678516,3.2859419818274014,3
M5,gts_placebo,29,0.6468989557428334,0.8360182303796305,3.1875437572156744,3
M5,gts_placebo,47,0.6539930462733318,0.8379481460806106,3.1306475855439664,3
M5,itransformer,13,0.6684945192874441,0.8414492075736625,3.1058065931573906,3
M5,itransformer,29,0.6825237566504687,0.9156325847778751,3.4704643279089833,3
M5,itransformer,47,0.6747801036174924,0.9023274004905867,3.36848681283888,3
M5,mage_native,13,0.6357996995491929,0.835697779821375,2.8799820332202963,3
M5,mage_native,29,0.6413930912646862,0.7707192059987888,2.8863608778980754,3
M5,mage_native,47,0.6378713504330354,0.799198638731102,2.9417060685157694,3
M5,mage_no_graph,13,0.6378025995857054,0.8324053800920644,2.9489233078459027,3
M5,mage_no_graph,29,0.6469027263122946,0.8024681864638014,2.962448495996542,3
M5,mage_no_graph,47,0.6555994502670753,0.870933875559185,3.148060116642187,3
M5,mage_placebo,13,0.6344707265410096,0.8343929252344346,2.873518094062027,3
M5,mage_placebo,29,0.6333843184249032,0.7533962812666039,2.785517190579739,3
M5,mage_placebo,47,0.6380795446027258,0.7985470515590816,2.9430988903363633,3
M5,metadata_embedding_tcn,13,0.6342451759853039,0.7923811120342497,2.9182794794322007,3
M5,metadata_embedding_tcn,29,0.6191025344420505,0.7490850808785173,2.6642869351047374,3
M5,metadata_embedding_tcn,47,0.6214759927019142,0.7720826249594653,2.746712871605441,3
M5,mixlinear,13,0.6668065904773192,0.9003815568256602,3.1897603120319746,3
M5,mixlinear,29,0.6682293908131444,0.902303392586858,3.2116599057993245,3
M5,mixlinear,47,0.6850751666100577,1.0517089402695259,3.6234512497350653,3
M5,mtgnn_native,13,0.6249001542475305,0.8997414544397624,2.9047905821504334,3
M5,mtgnn_native,29,0.6178453619866179,0.8172273183181552,2.854046005737184,3
M5,mtgnn_native,47,0.6193297597399346,0.8688425735668909,2.934224759705478,3
M5,mtgnn_no_graph,13,0.6155016615812602,0.7321990826907374,2.644963227297423,3
M5,mtgnn_no_graph,29,0.613520187895728,0.7862494044470529,2.737151210615627,3
M5,mtgnn_no_graph,47,0.6238797470251843,0.905602365016761,2.9649796983094165,3
M5,mtgnn_placebo,13,0.6279713888696059,0.8165791975972287,2.8105334285122847,3
M5,mtgnn_placebo,29,0.6181954864676662,0.8240144431054284,2.8496697601790806,3
M5,mtgnn_placebo,47,0.6185871172212573,0.860603525125056,2.9109412103515644,3
M5,nlinear,13,0.6951551843223491,0.8511121200182951,3.1563903499434076,3
M5,nlinear,29,0.6784697114266379,0.8329137105347758,3.1133297668917788,3
M5,nlinear,47,0.6799625315850295,0.8364102282950204,3.1128047715438893,3
M5,patchtst,13,0.6373086719866096,0.7913159643780917,2.945452846870536,3
M5,patchtst,29,0.6323218246469631,0.7990779906271767,3.075352550860711,3
M5,patchtst,47,0.6503795648388832,0.8206606228052622,3.0371538169346946,3
M5,seasonal_naive,13,0.7742189866648258,0.9350904179150454,3.1062169674843076,3
M5,semantic_knn_tcn,13,0.6083145122893566,0.7158769164865552,2.5942677864982255,3
M5,semantic_knn_tcn,29,0.6223631381402664,0.7483816959801245,2.653560093981485,3
M5,semantic_knn_tcn,47,0.6346937014847479,0.7446275249633557,2.722875783193324,3
M5,semantic_placebo_tcn,13,0.6288851083226653,0.7415239434165198,2.758124605290316,3
M5,semantic_placebo_tcn,29,0.624022785698783,0.7709819698640579,2.7813533523469847,3
M5,semantic_placebo_tcn,47,0.6426718676817427,0.7982281657200575,2.8816751958102618,3
M5,tcn_business,13,0.6348689076373195,0.7926609367700918,2.8939703165085384,3
M5,tcn_business,29,0.6308415626242595,0.783754021535187,2.8998000094952876,3
M5,tcn_business,47,0.6422954359505894,0.7648864798023198,2.874174717550595,3
M5,tcn_no_graph,13,0.6593620687944344,0.8313915167016663,3.1100725123579935,3
M5,tcn_no_graph,29,0.6102529794716434,0.6965681472291051,2.577708553246385,3
M5,tcn_no_graph,47,0.6302313456333924,0.7388374192220247,2.836631704301317,3
M5,tcn_stat_confidence,13,0.6548338464725701,0.8582559245452995,3.143940044837023,3
M5,tcn_stat_confidence,29,0.6405642494182706,0.829783004844579,2.9982911045934078,3
M5,tcn_stat_confidence,47,0.6639270823905802,0.8146667797552452,3.112999863440551,3
M5,tcn_stat_equal,13,0.6420990151476637,0.8028531680100532,3.0569275477132387,3
M5,tcn_stat_equal,29,0.7214140467963062,1.062706392727292,4.177611776165388,3
M5,tcn_stat_equal,47,0.6557840998802597,0.7791161492377622,2.950674493124255,3
M5,tcn_stat_placebo,13,0.6442586776922241,0.7879872670169545,2.939713000695384,3
M5,tcn_stat_placebo,29,0.6154759941577576,0.689311100602581,2.5301425394764734,3
M5,tcn_stat_placebo,47,0.6794095075190624,0.8109576074718384,3.1863340603111303,3
M5,tcn_target_only,13,0.6779506725334913,0.8438459261404048,3.2629799866684217,3
M5,tcn_target_only,29,0.6242990453000398,0.7419968099513307,2.843809821485251,3
M5,tcn_target_only,47,0.6831754525505547,0.9000458097491378,3.331953935402017,3
M5,timemixerpp,13,0.6369207322837267,0.8872542812429328,3.159112066093576,3
M5,timemixerpp,29,0.6252233513038566,0.7642314825566628,2.722125778332964,3
M5,timemixerpp,47,0.6316690587490617,0.7976758301702659,3.014023168727992,3
Store Item,dlinear,13,0.8771387479139259,0.14116194117606098,9.259381495960175,3
Store Item,dlinear,29,0.7860623992461767,0.12410238359420984,8.135339747661005,3
Store Item,dlinear,47,0.817447003988041,0.12736678569965945,8.335502662986675,3
Store Item,global_lightgbm,13,0.8072511284022837,0.12867817407730228,8.429270521168986,3
Store Item,gts_native,13,1.3317755555232214,0.23813049951857843,15.587802377327408,3
Store Item,gts_native,29,1.3996111134696292,0.26380540905132044,17.337128177900166,3
Store Item,gts_native,47,1.2644118026554292,0.23410997528486213,15.351859456773788,3
Store Item,gts_no_graph,13,1.131323075993717,0.19983857803628136,13.097768304461525,3
Store Item,gts_no_graph,29,1.1113643460219016,0.19031697677721984,12.477097383251897,3
Store Item,gts_no_graph,47,1.0626849857293763,0.18642471237849703,12.220338374092465,3
Store Item,gts_placebo,13,1.5884374989658465,0.3033744219049313,20.022376169351045,3
Store Item,gts_placebo,29,2.1979149286442947,0.4340101620630569,28.468509588165887,3
Store Item,gts_placebo,47,1.2768757960162083,0.2352017579760318,15.431726476250503,3
Store Item,itransformer,13,1.2267158448712399,0.21112056034959378,13.793374573238312,3
Store Item,itransformer,29,0.7730271791506823,0.12227665150465206,8.033959777645334,3
Store Item,itransformer,47,0.7052250262866915,0.10989494436289242,7.193796180543445,3
Store Item,mage_native,13,0.9493922468358352,0.15371128291051128,10.065053143198528,3
Store Item,mage_native,29,0.8927530088940906,0.1434647015131516,9.37613348254451,3
Store Item,mage_native,47,0.9401570605343328,0.15196605050095788,9.942154465529024,3
Store Item,mage_no_graph,13,0.8763622947498181,0.14196448488250998,9.293171858787536,3
Store Item,mage_no_graph,29,0.9095586745946372,0.14535562724465131,9.525903553937477,3
Store Item,mage_no_graph,47,0.8395553099766361,0.1333721601662258,8.736198239982443,3
Store Item,mage_placebo,13,0.9495240229696392,0.1537276610583571,10.06618131304544,3
Store Item,mage_placebo,29,0.8927668763703025,0.14345964489435287,9.37581370974344,3
Store Item,mage_placebo,47,0.940180354018228,0.1519686361203162,9.942346311877014,3
Store Item,mixlinear,13,0.6962896217548965,0.10837444559543553,7.096575476505138,3
Store Item,mixlinear,29,0.6949993090085984,0.10788732245494566,7.066972297966164,3
Store Item,mixlinear,47,0.7024949403859112,0.10943204048954595,7.1685545488640114,3
Store Item,mtgnn_native,13,0.8027139425697684,0.1290626515552266,8.45111898240589,3
Store Item,mtgnn_native,29,1.1931512752853923,0.21267702819270443,14.04470580595511,3
Store Item,mtgnn_native,47,0.9400409338303432,0.1614591549237143,10.587332488493944,3
Store Item,mtgnn_no_graph,13,0.9195177203698508,0.14819078700646918,9.709357291806944,3
Store Item,mtgnn_no_graph,29,1.2435382793597658,0.22135975645268813,14.627614625421153,3
Store Item,mtgnn_no_graph,47,0.9426379769704957,0.15335924973468976,10.039425300921081,3
Store Item,mtgnn_placebo,13,0.8037272424392348,0.12926104339472405,8.463980595649234,3
Store Item,mtgnn_placebo,29,0.922532651375958,0.155813513921783,10.20445947192964,3
Store Item,mtgnn_placebo,47,0.9472838464422884,0.1644390716042897,10.78053525856563,3
Store Item,nlinear,13,0.7308355920175013,0.11393704606386384,7.466117617945192,3
Store Item,nlinear,29,0.8127396967114294,0.12743583755797228,8.348769805292603,3
Store Item,nlinear,47,0.7660151359857612,0.11997551645750582,7.867654861218084,3
Store Item,patchtst,13,0.6965744076343426,0.10822280453087114,7.088271283346509,3
Store Item,patchtst,29,0.6997982432401145,0.10885036950179426,7.131938033886057,3
Store Item,patchtst,47,0.8439224122714175,0.13458350029197094,8.844024926644783,3
Store Item,seasonal_naive,13,0.9422227767273249,0.14679643495536546,9.614947125142214,3
Store Item,tcn_business,13,0.9107374580025603,0.15322845434158994,10.087955477376463,3
Store Item,tcn_business,29,0.8251782855028788,0.13343941462107708,8.76904202970878,3
Store Item,tcn_business,47,0.9839004147986937,0.16219892075185444,10.677547492552057,3
Store Item,tcn_no_graph,13,0.9211684458330899,0.15031648119241847,9.859603314172654,3
Store Item,tcn_no_graph,29,0.7877880310007034,0.12526577084868426,8.207355702491034,3
Store Item,tcn_no_graph,47,0.7957017487318433,0.12956349454915886,8.491335029829116,3
Store Item,tcn_stat_confidence,13,0.8548281428913133,0.14422595296309057,9.427490566773388,3
Store Item,tcn_stat_confidence,29,0.9190979601666761,0.1585690687283802,10.323614505232959,3
Store Item,tcn_stat_confidence,47,0.8039360363619096,0.12678876209076526,8.316384362543701,3
Store Item,tcn_stat_equal,13,0.8302784460118525,0.1371145701600586,8.970084836369468,3
Store Item,tcn_stat_equal,29,1.0020743902006926,0.1754125868228413,11.46264784045951,3
Store Item,tcn_stat_equal,47,0.789983415393989,0.12438305040626015,8.16227188387876,3
Store Item,tcn_stat_placebo,13,0.838014925844757,0.13633540692949178,8.92681414172763,3
Store Item,tcn_stat_placebo,29,0.7949884523529135,0.12882357186334048,8.438827686965782,3
Store Item,tcn_stat_placebo,47,0.7715846499096534,0.12230989473455699,8.01473766975302,3
Store Item,tcn_target_only,13,1.1465940652129256,0.2022426643437886,13.148480090766988,3
Store Item,tcn_target_only,29,0.9591888092602856,0.1670227595664898,10.924747384666766,3
Store Item,tcn_target_only,47,0.9716000658669688,0.15480690166429698,10.131857026190985,3
Store Item,timemixerpp,13,0.6940859448455418,0.10793720869395491,7.075445798465185,3
Store Item,timemixerpp,29,0.7426204216447819,0.11570021444382213,7.586697307339421,3
Store Item,timemixerpp,47,0.7255244420818778,0.11307311825781652,7.414161303812865,3
