component,official_source,paper_or_project,license,v1_revision,packaged_in_repository,installation_or_recovery,replay_requirement,full_retrain_requirement,status
PatchTST,https://github.com/yuqinie98/PatchTST,https://github.com/yuqinie98/PatchTST,Apache-2.0,204c21efe0b39603ad6e2ca640ef5896646ab1a9,no,clone official repository at recorded revision,required for PatchTST tasks,required,license verified at pinned revision
iTransformer,https://github.com/thuml/iTransformer,https://github.com/thuml/iTransformer,MIT,c2426e68ca13f74aaec08045c5c724d8ad328124,no,clone official repository at recorded revision,required for iTransformer tasks,required,license verified at pinned revision
PyPOTS_TimeMixerPP,https://github.com/WenjieDu/PyPOTS,https://github.com/WenjieDu/PyPOTS,BSD-3-Clause,53b3eac34be9491ac3f28e65ee1993436e9318af,no,install or clone official repository at recorded revision,required for TimeMixer++ tasks,required,license verified at pinned revision
MixLinear,https://github.com/aitianma/MixLinear,https://github.com/aitianma/MixLinear,NO_LICENSE_FILE_FOUND,42dbb98a5bbe64c13bc75b3cc07a9dc4acf20106,no,do not redistribute until license clarified,required for MixLinear tasks,required,source license blocks redistribution review
GTS,https://github.com/chaoshangcs/GTS.git,https://github.com/chaoshangcs/GTS.git,Apache-2.0,8ed45ff1476639f78c382ff09ecca8e60523e7ce,no,clone official repository at recorded revision,required for GTS tasks,required,revision recovered
MTGNN,https://github.com/nnzhan/MTGNN.git,https://github.com/nnzhan/MTGNN.git,MIT,f811746fa7022ebf336f9ecd2434af5f365ecbf6,no,clone official repository at recorded revision,required for MTGNN tasks,required,revision recovered
MAGE,https://github.com/PoorOtterBob/MAGE.git,https://github.com/PoorOtterBob/MAGE.git,NO_LICENSE_FILE_FOUND,f1fdd27da4e72a140c4f341f94d368fbcaec7507,no,do not redistribute until license clarified,required for MAGE tasks,required,source license blocks redistribution review
semantic_encoder,https://huggingface.co/sentence-transformers/all-MiniLM-L6-v2,https://huggingface.co/sentence-transformers/all-MiniLM-L6-v2,Apache-2.0,1110a243fdf4706b3f48f1d95db1a4f5529b4d41,no,install transformers and download declared model,required for semantic tasks,required,revision recovered
controlled_framework,author_owned_historical_validation_source,not_applicable,AUTHOR_LICENSE_PENDING,validation_protocol_sha256_lock,yes,13-file hash-matched source snapshot in src/author_core_v1,required for controlled TCN tasks,required,source recovered and one real M5 task verified; author license selection pending
